student_id,term,status,days_since_last_payment,family_income_bracket,transport_user,sibling_count,total_outstanding
STU_001,1,0,0,Medium,0,1,0
STU_001,2,0,0,Medium,0,1,0
STU_001,3,0,0,Medium,0,1,0
STU_002,1,0,0,Low,0,3,0
STU_002,2,0,0,Low,0,3,0
STU_002,3,0,0,Low,0,3,0
STU_003,1,0,0,Medium,1,2,0
STU_003,2,0,0,Medium,1,2,0
STU_003,3,0,0,Medium,1,2,0
STU_004,1,0,0,Medium,0,1,0
STU_004,2,0,0,Medium,0,1,0
STU_004,3,0,0,Medium,0,1,0
STU_005,1,0,0,High,0,1,0
STU_005,2,0,0,High,0,1,0
STU_005,3,0,0,High,0,1,0
STU_006,1,0,0,Medium,1,3,0
STU_006,2,0,0,Medium,1,3,0
STU_006,3,0,0,Medium,1,3,0
STU_007,1,0,0,Medium,0,3,0
STU_007,2,0,0,Medium,0,3,0
STU_007,3,0,0,Medium,0,3,0
STU_008,1,0,0,Medium,1,2,0
STU_008,2,0,0,Medium,1,2,0
STU_008,3,0,0,Medium,1,2,0
STU_009,1,0,0,Low,1,1,0
STU_009,2,0,0,Low,1,1,0
STU_009,3,0,0,Low,1,1,0
STU_010,1,0,0,Medium,0,2,0
STU_010,2,0,0,Medium,0,2,0
STU_010,3,0,0,Medium,0,2,0
STU_011,1,1,17,Medium,1,1,3329
STU_011,2,1,26,Medium,1,1,1239
STU_011,3,1,6,Medium,1,1,3522
STU_012,1,1,12,Low,1,1,1296
STU_012,2,1,1,Low,1,1,1002
STU_012,3,1,16,Low,1,1,2416
STU_013,1,0,0,Medium,0,3,0
STU_013,2,0,0,Medium,0,3,0
STU_013,3,0,0,Medium,0,3,0
STU_014,1,0,0,Medium,1,1,0
STU_014,2,0,0,Medium,1,1,0
STU_014,3,0,0,Medium,1,1,0
STU_015,1,0,0,Medium,0,1,0
STU_015,2,0,0,Medium,0,1,0
STU_015,3,0,0,Medium,0,1,0
STU_016,1,1,14,High,1,2,902
STU_016,2,1,1,High,1,2,3913
STU_016,3,1,14,High,1,2,2358
STU_017,1,0,0,Medium,0,2,0
STU_017,2,0,0,Medium,0,2,0
STU_017,3,0,0,Medium,0,2,0
STU_018,1,1,18,High,0,1,2953
STU_018,2,1,19,High,0,1,3421
STU_018,3,1,18,High,0,1,3965
STU_019,1,1,12,Medium,1,1,1751
STU_019,2,1,7,Medium,1,1,1273
STU_019,3,1,12,Medium,1,1,4004
STU_020,1,1,21,Medium,1,2,3033
STU_020,2,1,4,Medium,1,2,963
STU_020,3,1,27,Medium,1,2,206
STU_021,1,0,0,Medium,1,0,0
STU_021,2,0,0,Medium,1,0,0
STU_021,3,0,0,Medium,1,0,0
STU_022,1,2,82,Low,1,3,2767
STU_022,2,2,62,Low,1,3,3887
STU_022,3,2,62,Low,1,3,25
STU_023,1,1,7,Low,0,1,2591
STU_023,2,1,25,Low,0,1,3188
STU_023,3,1,18,Low,0,1,885
STU_024,1,1,20,High,1,0,467
STU_024,2,1,16,High,1,0,3725
STU_024,3,1,26,High,1,0,1414
STU_025,1,1,25,High,0,1,4810
STU_025,2,1,22,High,0,1,2693
STU_025,3,1,6,High,0,1,3347
STU_026,1,0,0,Low,1,2,0
STU_026,2,0,0,Low,1,2,0
STU_026,3,0,0,Low,1,2,0
STU_027,1,0,0,Medium,1,3,0
STU_027,2,0,0,Medium,1,3,0
STU_027,3,0,0,Medium,1,3,0
STU_028,1,0,0,High,0,1,0
STU_028,2,0,0,High,0,1,0
STU_028,3,0,0,High,0,1,0
STU_029,1,0,0,Low,1,2,0
STU_029,2,0,0,Low,1,2,0
STU_029,3,0,0,Low,1,2,0
STU_030,1,0,0,Medium,1,1,0
STU_030,2,0,0,Medium,1,1,0
STU_030,3,0,0,Medium,1,1,0
STU_031,1,1,24,Low,1,2,149
STU_031,2,1,26,Low,1,2,4621
STU_031,3,1,18,Low,1,2,3719
STU_032,1,0,0,Low,0,1,0
STU_032,2,0,0,Low,0,1,0
STU_032,3,0,0,Low,0,1,0
STU_033,1,0,0,Medium,1,2,0
STU_033,2,0,0,Medium,1,2,0
STU_033,3,0,0,Medium,1,2,0
STU_034,1,0,0,Low,0,3,0
STU_034,2,0,0,Low,0,3,0
STU_034,3,0,0,Low,0,3,0
STU_035,1,0,0,Medium,1,2,0
STU_035,2,0,0,Medium,1,2,0
STU_035,3,0,0,Medium,1,2,0
STU_036,1,0,0,Medium,1,1,0
STU_036,2,0,0,Medium,1,1,0
STU_036,3,0,0,Medium,1,1,0
STU_037,1,0,0,High,1,3,0
STU_037,2,0,0,High,1,3,0
STU_037,3,0,0,High,1,3,0
STU_038,1,0,0,High,1,2,0
STU_038,2,0,0,High,1,2,0
STU_038,3,0,0,High,1,2,0
STU_039,1,0,0,Low,1,0,0
STU_039,2,0,0,Low,1,0,0
STU_039,3,0,0,Low,1,0,0
STU_040,1,1,18,High,1,3,2885
STU_040,2,1,28,High,1,3,4739
STU_040,3,1,13,High,1,3,1175
STU_041,1,1,18,Medium,1,0,3190
STU_041,2,1,22,Medium,1,0,4445
STU_041,3,1,15,Medium,1,0,2176
STU_042,1,0,0,Low,1,0,0
STU_042,2,0,0,Low,1,0,0
STU_042,3,0,0,Low,1,0,0
STU_043,1,0,0,High,0,0,0
STU_043,2,0,0,High,0,0,0
STU_043,3,0,0,High,0,0,0
STU_044,1,1,25,Medium,0,1,1227
STU_044,2,1,25,Medium,0,1,4736
STU_044,3,1,3,Medium,0,1,4666
STU_045,1,0,0,Low,1,2,0
STU_045,2,0,0,Low,1,2,0
STU_045,3,0,0,Low,1,2,0
STU_046,1,0,0,Low,0,3,0
STU_046,2,0,0,Low,0,3,0
STU_046,3,0,0,Low,0,3,0
STU_047,1,1,2,Medium,0,0,4086
STU_047,2,1,6,Medium,0,0,868
STU_047,3,1,12,Medium,0,0,428
STU_048,1,0,0,Medium,0,0,0
STU_048,2,0,0,Medium,0,0,0
STU_048,3,0,0,Medium,0,0,0
STU_049,1,0,0,Medium,0,3,0
STU_049,2,0,0,Medium,0,3,0
STU_049,3,0,0,Medium,0,3,0
STU_050,1,0,0,Low,0,2,0
STU_050,2,0,0,Low,0,2,0
STU_050,3,0,0,Low,0,2,0
STU_051,1,0,0,High,0,3,0
STU_051,2,0,0,High,0,3,0
STU_051,3,0,0,High,0,3,0
STU_052,1,0,0,Low,1,0,0
STU_052,2,0,0,Low,1,0,0
STU_052,3,0,0,Low,1,0,0
STU_053,1,1,17,Low,1,2,864
STU_053,2,1,16,Low,1,2,4258
STU_053,3,1,4,Low,1,2,1843
STU_054,1,0,0,Medium,1,3,0
STU_054,2,0,0,Medium,1,3,0
STU_054,3,0,0,Medium,1,3,0
STU_055,1,0,0,Low,1,1,0
STU_055,2,0,0,Low,1,1,0
STU_055,3,0,0,Low,1,1,0
STU_056,1,2,98,Medium,0,0,2888
STU_056,2,2,101,Medium,0,0,15
STU_056,3,2,67,Medium,0,0,3537
STU_057,1,1,22,High,1,1,3443
STU_057,2,1,26,High,1,1,2387
STU_057,3,1,25,High,1,1,113
STU_058,1,0,0,High,1,3,0
STU_058,2,0,0,High,1,3,0
STU_058,3,0,0,High,1,3,0
STU_059,1,2,63,High,0,2,1489
STU_059,2,2,69,High,0,2,3642
STU_059,3,2,77,High,0,2,4939
STU_060,1,2,62,Medium,0,3,2315
STU_060,2,2,106,Medium,0,3,4490
STU_060,3,2,70,Medium,0,3,3242
STU_061,1,0,0,High,0,0,0
STU_061,2,0,0,High,0,0,0
STU_061,3,0,0,High,0,0,0
STU_062,1,0,0,High,0,1,0
STU_062,2,0,0,High,0,1,0
STU_062,3,0,0,High,0,1,0
STU_063,1,0,0,High,1,1,0
STU_063,2,0,0,High,1,1,0
STU_063,3,0,0,High,1,1,0
STU_064,1,0,0,Medium,0,2,0
STU_064,2,0,0,Medium,0,2,0
STU_064,3,0,0,Medium,0,2,0
STU_065,1,0,0,Medium,1,0,0
STU_065,2,0,0,Medium,1,0,0
STU_065,3,0,0,Medium,1,0,0
STU_066,1,0,0,Medium,0,0,0
STU_066,2,0,0,Medium,0,0,0
STU_066,3,0,0,Medium,0,0,0
STU_067,1,0,0,Medium,1,0,0
STU_067,2,0,0,Medium,1,0,0
STU_067,3,0,0,Medium,1,0,0
STU_068,1,1,19,High,1,0,812
STU_068,2,1,26,High,1,0,386
STU_068,3,1,12,High,1,0,3223
STU_069,1,0,0,Medium,0,3,0
STU_069,2,0,0,Medium,0,3,0
STU_069,3,0,0,Medium,0,3,0
STU_070,1,1,10,High,0,1,4981
STU_070,2,1,27,High,0,1,2781
STU_070,3,1,19,High,0,1,1515
STU_071,1,0,0,Medium,0,0,0
STU_071,2,0,0,Medium,0,0,0
STU_071,3,0,0,Medium,0,0,0
STU_072,1,0,0,Medium,1,2,0
STU_072,2,0,0,Medium,1,2,0
STU_072,3,0,0,Medium,1,2,0
STU_073,1,1,9,Medium,1,0,4914
STU_073,2,1,24,Medium,1,0,909
STU_073,3,1,6,Medium,1,0,2254
STU_074,1,0,0,Medium,1,2,0
STU_074,2,0,0,Medium,1,2,0
STU_074,3,0,0,Medium,1,2,0
STU_075,1,0,0,Medium,0,0,0
STU_075,2,0,0,Medium,0,0,0
STU_075,3,0,0,Medium,0,0,0
STU_076,1,0,0,Low,1,1,0
STU_076,2,0,0,Low,1,1,0
STU_076,3,0,0,Low,1,1,0
STU_077,1,0,0,Medium,1,0,0
STU_077,2,0,0,Medium,1,0,0
STU_077,3,0,0,Medium,1,0,0
STU_078,1,0,0,Medium,0,3,0
STU_078,2,0,0,Medium,0,3,0
STU_078,3,0,0,Medium,0,3,0
STU_079,1,0,0,Low,1,3,0
STU_079,2,0,0,Low,1,3,0
STU_079,3,0,0,Low,1,3,0
STU_080,1,0,0,Medium,1,0,0
STU_080,2,0,0,Medium,1,0,0
STU_080,3,0,0,Medium,1,0,0
STU_081,1,1,4,High,0,3,1192
STU_081,2,1,19,High,0,3,2190
STU_081,3,1,19,High,0,3,1139
STU_082,1,0,0,Low,1,0,0
STU_082,2,0,0,Low,1,0,0
STU_082,3,0,0,Low,1,0,0
STU_083,1,0,0,Medium,1,2,0
STU_083,2,0,0,Medium,1,2,0
STU_083,3,0,0,Medium,1,2,0
STU_084,1,0,0,Medium,0,1,0
STU_084,2,0,0,Medium,0,1,0
STU_084,3,0,0,Medium,0,1,0
STU_085,1,0,0,High,1,2,0
STU_085,2,0,0,High,1,2,0
STU_085,3,0,0,High,1,2,0
STU_086,1,0,0,Low,0,2,0
STU_086,2,0,0,Low,0,2,0
STU_086,3,0,0,Low,0,2,0
STU_087,1,0,0,Medium,1,3,0
STU_087,2,0,0,Medium,1,3,0
STU_087,3,0,0,Medium,1,3,0
STU_088,1,1,3,Low,0,3,4335
STU_088,2,1,8,Low,0,3,1743
STU_088,3,1,22,Low,0,3,2767
STU_089,1,1,18,Medium,1,3,2012
STU_089,2,1,28,Medium,1,3,1949
STU_089,3,1,5,Medium,1,3,4761
STU_090,1,0,0,Medium,0,1,0
STU_090,2,0,0,Medium,0,1,0
STU_090,3,0,0,Medium,0,1,0
STU_091,1,0,0,Low,1,2,0
STU_091,2,0,0,Low,1,2,0
STU_091,3,0,0,Low,1,2,0
STU_092,1,0,0,Medium,0,1,0
STU_092,2,0,0,Medium,0,1,0
STU_092,3,0,0,Medium,0,1,0
STU_093,1,0,0,Medium,0,0,0
STU_093,2,0,0,Medium,0,0,0
STU_093,3,0,0,Medium,0,0,0
STU_094,1,0,0,Low,1,2,0
STU_094,2,0,0,Low,1,2,0
STU_094,3,0,0,Low,1,2,0
STU_095,1,0,0,Low,0,1,0
STU_095,2,0,0,Low,0,1,0
STU_095,3,0,0,Low,0,1,0
STU_096,1,0,0,Low,1,3,0
STU_096,2,0,0,Low,1,3,0
STU_096,3,0,0,Low,1,3,0
STU_097,1,0,0,High,0,3,0
STU_097,2,0,0,High,0,3,0
STU_097,3,0,0,High,0,3,0
STU_098,1,0,0,Medium,0,2,0
STU_098,2,0,0,Medium,0,2,0
STU_098,3,0,0,Medium,0,2,0
STU_099,1,1,22,High,0,2,4819
STU_099,2,1,15,High,0,2,2383
STU_099,3,1,13,High,0,2,4010
STU_100,1,0,0,Medium,1,0,0
STU_100,2,0,0,Medium,1,0,0
STU_100,3,0,0,Medium,1,0,0
STU_101,1,0,0,Medium,0,1,0
STU_101,2,0,0,Medium,0,1,0
STU_101,3,0,0,Medium,0,1,0
STU_102,1,0,0,Low,1,0,0
STU_102,2,0,0,Low,1,0,0
STU_102,3,0,0,Low,1,0,0
STU_103,1,0,0,Medium,0,3,0
STU_103,2,0,0,Medium,0,3,0
STU_103,3,0,0,Medium,0,3,0
STU_104,1,0,0,Low,0,1,0
STU_104,2,0,0,Low,0,1,0
STU_104,3,0,0,Low,0,1,0
STU_105,1,0,0,Medium,1,2,0
STU_105,2,0,0,Medium,1,2,0
STU_105,3,0,0,Medium,1,2,0
STU_106,1,1,18,Medium,1,2,3937
STU_106,2,1,16,Medium,1,2,4182
STU_106,3,1,3,Medium,1,2,3214
STU_107,1,0,0,Medium,1,0,0
STU_107,2,0,0,Medium,1,0,0
STU_107,3,0,0,Medium,1,0,0
STU_108,1,0,0,Low,0,3,0
STU_108,2,0,0,Low,0,3,0
STU_108,3,0,0,Low,0,3,0
STU_109,1,0,0,Medium,0,2,0
STU_109,2,0,0,Medium,0,2,0
STU_109,3,0,0,Medium,0,2,0
STU_110,1,1,19,Medium,0,0,472
STU_110,2,1,18,Medium,0,0,2749
STU_110,3,1,23,Medium,0,0,3872
STU_111,1,0,0,Medium,1,3,0
STU_111,2,0,0,Medium,1,3,0
STU_111,3,0,0,Medium,1,3,0
STU_112,1,0,0,Medium,0,1,0
STU_112,2,0,0,Medium,0,1,0
STU_112,3,0,0,Medium,0,1,0
STU_113,1,0,0,Medium,1,1,0
STU_113,2,0,0,Medium,1,1,0
STU_113,3,0,0,Medium,1,1,0
STU_114,1,1,23,High,0,1,3550
STU_114,2,1,1,High,0,1,443
STU_114,3,1,10,High,0,1,1127
STU_115,1,0,0,Medium,0,0,0
STU_115,2,0,0,Medium,0,0,0
STU_115,3,0,0,Medium,0,0,0
STU_116,1,0,0,Low,1,0,0
STU_116,2,0,0,Low,1,0,0
STU_116,3,0,0,Low,1,0,0
STU_117,1,0,0,High,1,1,0
STU_117,2,0,0,High,1,1,0
STU_117,3,0,0,High,1,1,0
STU_118,1,0,0,High,0,3,0
STU_118,2,0,0,High,0,3,0
STU_118,3,0,0,High,0,3,0
STU_119,1,0,0,Low,1,2,0
STU_119,2,0,0,Low,1,2,0
STU_119,3,0,0,Low,1,2,0
STU_120,1,0,0,Medium,1,3,0
STU_120,2,0,0,Medium,1,3,0
STU_120,3,0,0,Medium,1,3,0
STU_121,1,0,0,Medium,1,0,0
STU_121,2,0,0,Medium,1,0,0
STU_121,3,0,0,Medium,1,0,0
STU_122,1,0,0,Medium,0,0,0
STU_122,2,0,0,Medium,0,0,0
STU_122,3,0,0,Medium,0,0,0
STU_123,1,0,0,Medium,1,2,0
STU_123,2,0,0,Medium,1,2,0
STU_123,3,0,0,Medium,1,2,0
STU_124,1,0,0,Low,1,3,0
STU_124,2,0,0,Low,1,3,0
STU_124,3,0,0,Low,1,3,0
STU_125,1,1,12,Medium,1,0,919
STU_125,2,1,18,Medium,1,0,3054
STU_125,3,1,26,Medium,1,0,2704
STU_126,1,0,0,Low,1,0,0
STU_126,2,0,0,Low,1,0,0
STU_126,3,0,0,Low,1,0,0
STU_127,1,0,0,Low,0,3,0
STU_127,2,0,0,Low,0,3,0
STU_127,3,0,0,Low,0,3,0
STU_128,1,0,0,Medium,0,1,0
STU_128,2,0,0,Medium,0,1,0
STU_128,3,0,0,Medium,0,1,0
STU_129,1,0,0,Medium,1,2,0
STU_129,2,0,0,Medium,1,2,0
STU_129,3,0,0,Medium,1,2,0
STU_130,1,0,0,Medium,1,1,0
STU_130,2,0,0,Medium,1,1,0
STU_130,3,0,0,Medium,1,1,0
STU_131,1,0,0,Medium,0,3,0
STU_131,2,0,0,Medium,0,3,0
STU_131,3,0,0,Medium,0,3,0
STU_132,1,0,0,Low,1,3,0
STU_132,2,0,0,Low,1,3,0
STU_132,3,0,0,Low,1,3,0
STU_133,1,0,0,High,1,3,0
STU_133,2,0,0,High,1,3,0
STU_133,3,0,0,High,1,3,0
STU_134,1,1,26,Medium,0,0,568
STU_134,2,1,7,Medium,0,0,2488
STU_134,3,1,8,Medium,0,0,2109
STU_135,1,1,1,High,0,2,3962
STU_135,2,1,3,High,0,2,4653
STU_135,3,1,26,High,0,2,93
STU_136,1,0,0,Low,0,1,0
STU_136,2,0,0,Low,0,1,0
STU_136,3,0,0,Low,0,1,0
STU_137,1,2,85,Medium,1,0,509
STU_137,2,2,75,Medium,1,0,3285
STU_137,3,2,91,Medium,1,0,4461
STU_138,1,0,0,Medium,0,3,0
STU_138,2,0,0,Medium,0,3,0
STU_138,3,0,0,Medium,0,3,0
STU_139,1,0,0,Medium,0,3,0
STU_139,2,0,0,Medium,0,3,0
STU_139,3,0,0,Medium,0,3,0
STU_140,1,0,0,Low,0,2,0
STU_140,2,0,0,Low,0,2,0
STU_140,3,0,0,Low,0,2,0
STU_141,1,0,0,Medium,1,0,0
STU_141,2,0,0,Medium,1,0,0
STU_141,3,0,0,Medium,1,0,0
STU_142,1,0,0,Medium,1,3,0
STU_142,2,0,0,Medium,1,3,0
STU_142,3,0,0,Medium,1,3,0
STU_143,1,1,28,Low,1,1,3767
STU_143,2,1,21,Low,1,1,2223
STU_143,3,1,16,Low,1,1,4267
STU_144,1,0,0,Low,0,0,0
STU_144,2,0,0,Low,0,0,0
STU_144,3,0,0,Low,0,0,0
STU_145,1,0,0,High,1,2,0
STU_145,2,0,0,High,1,2,0
STU_145,3,0,0,High,1,2,0
STU_146,1,0,0,High,1,2,0
STU_146,2,0,0,High,1,2,0
STU_146,3,0,0,High,1,2,0
STU_147,1,0,0,Low,1,2,0
STU_147,2,0,0,Low,1,2,0
STU_147,3,0,0,Low,1,2,0
STU_148,1,2,79,Low,0,2,2772
STU_148,2,2,61,Low,0,2,2965
STU_148,3,2,84,Low,0,2,4793
STU_149,1,0,0,Medium,1,3,0
STU_149,2,0,0,Medium,1,3,0
STU_149,3,0,0,Medium,1,3,0
STU_150,1,1,13,Low,1,3,1945
STU_150,2,1,3,Low,1,3,2696
STU_150,3,1,28,Low,1,3,1672
STU_151,1,0,0,High,1,0,0
STU_151,2,0,0,High,1,0,0
STU_151,3,0,0,High,1,0,0
STU_152,1,1,14,High,1,0,3566
STU_152,2,1,15,High,1,0,3533
STU_152,3,1,16,High,1,0,1808
STU_153,1,0,0,Medium,0,3,0
STU_153,2,0,0,Medium,0,3,0
STU_153,3,0,0,Medium,0,3,0
STU_154,1,0,0,Medium,1,3,0
STU_154,2,0,0,Medium,1,3,0
STU_154,3,0,0,Medium,1,3,0
STU_155,1,2,79,High,1,1,2628
STU_155,2,2,61,High,1,1,2994
STU_155,3,2,85,High,1,1,1789
STU_156,1,1,27,Low,0,3,107
STU_156,2,1,13,Low,0,3,4942
STU_156,3,1,23,Low,0,3,2517
STU_157,1,0,0,High,0,0,0
STU_157,2,0,0,High,0,0,0
STU_157,3,0,0,High,0,0,0
STU_158,1,2,104,Low,0,3,2890
STU_158,2,2,81,Low,0,3,562
STU_158,3,2,105,Low,0,3,234
STU_159,1,0,0,Medium,1,3,0
STU_159,2,0,0,Medium,1,3,0
STU_159,3,0,0,Medium,1,3,0
STU_160,1,0,0,Low,1,1,0
STU_160,2,0,0,Low,1,1,0
STU_160,3,0,0,Low,1,1,0
STU_161,1,0,0,Medium,1,1,0
STU_161,2,0,0,Medium,1,1,0
STU_161,3,0,0,Medium,1,1,0
STU_162,1,0,0,Low,1,0,0
STU_162,2,0,0,Low,1,0,0
STU_162,3,0,0,Low,1,0,0
STU_163,1,0,0,Medium,1,0,0
STU_163,2,0,0,Medium,1,0,0
STU_163,3,0,0,Medium,1,0,0
STU_164,1,0,0,Medium,0,0,0
STU_164,2,0,0,Medium,0,0,0
STU_164,3,0,0,Medium,0,0,0
STU_165,1,2,64,Low,1,0,1325
STU_165,2,2,75,Low,1,0,656
STU_165,3,2,102,Low,1,0,1269
STU_166,1,0,0,Medium,0,1,0
STU_166,2,0,0,Medium,0,1,0
STU_166,3,0,0,Medium,0,1,0
STU_167,1,0,0,Medium,0,1,0
STU_167,2,0,0,Medium,0,1,0
STU_167,3,0,0,Medium,0,1,0
STU_168,1,0,0,High,0,1,0
STU_168,2,0,0,High,0,1,0
STU_168,3,0,0,High,0,1,0
STU_169,1,1,18,Low,0,3,2354
STU_169,2,1,27,Low,0,3,1191
STU_169,3,1,11,Low,0,3,1852
STU_170,1,0,0,Medium,1,1,0
STU_170,2,0,0,Medium,1,1,0
STU_170,3,0,0,Medium,1,1,0
STU_171,1,0,0,High,1,3,0
STU_171,2,0,0,High,1,3,0
STU_171,3,0,0,High,1,3,0
STU_172,1,0,0,Medium,0,1,0
STU_172,2,0,0,Medium,0,1,0
STU_172,3,0,0,Medium,0,1,0
STU_173,1,0,0,Low,1,3,0
STU_173,2,0,0,Low,1,3,0
STU_173,3,0,0,Low,1,3,0
STU_174,1,0,0,Low,0,2,0
STU_174,2,0,0,Low,0,2,0
STU_174,3,0,0,Low,0,2,0
STU_175,1,0,0,Low,1,3,0
STU_175,2,0,0,Low,1,3,0
STU_175,3,0,0,Low,1,3,0
STU_176,1,2,89,High,0,1,19
STU_176,2,2,85,High,0,1,865
STU_176,3,2,105,High,0,1,821
STU_177,1,1,20,High,0,1,2276
STU_177,2,1,20,High,0,1,2565
STU_177,3,1,3,High,0,1,1287
STU_178,1,0,0,Low,0,2,0
STU_178,2,0,0,Low,0,2,0
STU_178,3,0,0,Low,0,2,0
STU_179,1,0,0,Low,0,3,0
STU_179,2,0,0,Low,0,3,0
STU_179,3,0,0,Low,0,3,0
STU_180,1,0,0,Low,0,2,0
STU_180,2,0,0,Low,0,2,0
STU_180,3,0,0,Low,0,2,0
STU_181,1,0,0,Medium,0,1,0
STU_181,2,0,0,Medium,0,1,0
STU_181,3,0,0,Medium,0,1,0
STU_182,1,0,0,Medium,0,1,0
STU_182,2,0,0,Medium,0,1,0
STU_182,3,0,0,Medium,0,1,0
STU_183,1,2,106,Low,1,2,536
STU_183,2,2,87,Low,1,2,2200
STU_183,3,2,90,Low,1,2,3914
STU_184,1,0,0,Medium,1,2,0
STU_184,2,0,0,Medium,1,2,0
STU_184,3,0,0,Medium,1,2,0
STU_185,1,0,0,High,1,0,0
STU_185,2,0,0,High,1,0,0
STU_185,3,0,0,High,1,0,0
STU_186,1,0,0,Medium,0,0,0
STU_186,2,0,0,Medium,0,0,0
STU_186,3,0,0,Medium,0,0,0
STU_187,1,0,0,Low,1,2,0
STU_187,2,0,0,Low,1,2,0
STU_187,3,0,0,Low,1,2,0
STU_188,1,0,0,Medium,1,3,0
STU_188,2,0,0,Medium,1,3,0
STU_188,3,0,0,Medium,1,3,0
STU_189,1,0,0,Medium,0,1,0
STU_189,2,0,0,Medium,0,1,0
STU_189,3,0,0,Medium,0,1,0
STU_190,1,0,0,Low,1,1,0
STU_190,2,0,0,Low,1,1,0
STU_190,3,0,0,Low,1,1,0
STU_191,1,0,0,Medium,0,3,0
STU_191,2,0,0,Medium,0,3,0
STU_191,3,0,0,Medium,0,3,0
STU_192,1,0,0,Low,1,1,0
STU_192,2,0,0,Low,1,1,0
STU_192,3,0,0,Low,1,1,0
STU_193,1,0,0,Low,1,2,0
STU_193,2,0,0,Low,1,2,0
STU_193,3,0,0,Low,1,2,0
STU_194,1,1,10,High,0,2,2864
STU_194,2,1,18,High,0,2,919
STU_194,3,1,6,High,0,2,4764
STU_195,1,0,0,Low,1,2,0
STU_195,2,0,0,Low,1,2,0
STU_195,3,0,0,Low,1,2,0
STU_196,1,0,0,Medium,0,1,0
STU_196,2,0,0,Medium,0,1,0
STU_196,3,0,0,Medium,0,1,0
STU_197,1,1,19,Low,1,0,3206
STU_197,2,1,9,Low,1,0,3638
STU_197,3,1,28,Low,1,0,4341
STU_198,1,0,0,High,1,0,0
STU_198,2,0,0,High,1,0,0
STU_198,3,0,0,High,1,0,0
STU_199,1,1,9,Low,1,0,4441
STU_199,2,1,11,Low,1,0,1432
STU_199,3,1,4,Low,1,0,2050
STU_200,1,0,0,Medium,1,3,0
STU_200,2,0,0,Medium,1,3,0
STU_200,3,0,0,Medium,1,3,0
STU_201,1,2,61,Medium,0,0,4773
STU_201,2,2,61,Medium,0,0,3310
STU_201,3,2,64,Medium,0,0,4981
STU_202,1,0,0,High,1,0,0
STU_202,2,0,0,High,1,0,0
STU_202,3,0,0,High,1,0,0
STU_203,1,0,0,Low,0,2,0
STU_203,2,0,0,Low,0,2,0
STU_203,3,0,0,Low,0,2,0
STU_204,1,0,0,Medium,1,0,0
STU_204,2,0,0,Medium,1,0,0
STU_204,3,0,0,Medium,1,0,0
STU_205,1,0,0,Medium,0,3,0
STU_205,2,0,0,Medium,0,3,0
STU_205,3,0,0,Medium,0,3,0
STU_206,1,1,6,Medium,1,0,24
STU_206,2,1,12,Medium,1,0,1095
STU_206,3,1,28,Medium,1,0,2645
STU_207,1,0,0,Medium,1,3,0
STU_207,2,0,0,Medium,1,3,0
STU_207,3,0,0,Medium,1,3,0
STU_208,1,1,13,Medium,1,2,2960
STU_208,2,1,4,Medium,1,2,2088
STU_208,3,1,27,Medium,1,2,4217
STU_209,1,0,0,High,1,3,0
STU_209,2,0,0,High,1,3,0
STU_209,3,0,0,High,1,3,0
STU_210,1,1,9,Medium,0,2,4358
STU_210,2,1,19,Medium,0,2,4924
STU_210,3,1,10,Medium,0,2,835
STU_211,1,0,0,Medium,0,1,0
STU_211,2,0,0,Medium,0,1,0
STU_211,3,0,0,Medium,0,1,0
STU_212,1,0,0,Medium,0,0,0
STU_212,2,0,0,Medium,0,0,0
STU_212,3,0,0,Medium,0,0,0
STU_213,1,0,0,High,1,1,0
STU_213,2,0,0,High,1,1,0
STU_213,3,0,0,High,1,1,0
STU_214,1,0,0,High,1,3,0
STU_214,2,0,0,High,1,3,0
STU_214,3,0,0,High,1,3,0
STU_215,1,0,0,High,1,1,0
STU_215,2,0,0,High,1,1,0
STU_215,3,0,0,High,1,1,0
STU_216,1,0,0,High,1,0,0
STU_216,2,0,0,High,1,0,0
STU_216,3,0,0,High,1,0,0
STU_217,1,2,78,High,1,2,1080
STU_217,2,2,102,High,1,2,2342
STU_217,3,2,93,High,1,2,3186
STU_218,1,0,0,High,1,1,0
STU_218,2,0,0,High,1,1,0
STU_218,3,0,0,High,1,1,0
STU_219,1,1,15,Medium,1,3,2440
STU_219,2,1,3,Medium,1,3,2481
STU_219,3,1,6,Medium,1,3,2842
STU_220,1,0,0,High,1,0,0
STU_220,2,0,0,High,1,0,0
STU_220,3,0,0,High,1,0,0
STU_221,1,0,0,High,1,2,0
STU_221,2,0,0,High,1,2,0
STU_221,3,0,0,High,1,2,0
STU_222,1,0,0,Medium,1,0,0
STU_222,2,0,0,Medium,1,0,0
STU_222,3,0,0,Medium,1,0,0
STU_223,1,0,0,Low,1,0,0
STU_223,2,0,0,Low,1,0,0
STU_223,3,0,0,Low,1,0,0
STU_224,1,0,0,Low,0,2,0
STU_224,2,0,0,Low,0,2,0
STU_224,3,0,0,Low,0,2,0
STU_225,1,0,0,Medium,0,2,0
STU_225,2,0,0,Medium,0,2,0
STU_225,3,0,0,Medium,0,2,0
STU_226,1,0,0,Medium,1,0,0
STU_226,2,0,0,Medium,1,0,0
STU_226,3,0,0,Medium,1,0,0
STU_227,1,1,4,Low,1,1,3769
STU_227,2,1,20,Low,1,1,2113
STU_227,3,1,16,Low,1,1,1121
STU_228,1,0,0,High,1,3,0
STU_228,2,0,0,High,1,3,0
STU_228,3,0,0,High,1,3,0
STU_229,1,0,0,Low,1,0,0
STU_229,2,0,0,Low,1,0,0
STU_229,3,0,0,Low,1,0,0
STU_230,1,1,17,Low,1,3,2724
STU_230,2,1,22,Low,1,3,3293
STU_230,3,1,7,Low,1,3,829
STU_231,1,0,0,Low,0,2,0
STU_231,2,0,0,Low,0,2,0
STU_231,3,0,0,Low,0,2,0
STU_232,1,1,17,Medium,0,0,2849
STU_232,2,1,16,Medium,0,0,3937
STU_232,3,1,22,Medium,0,0,4382
STU_233,1,1,19,Low,1,1,3404
STU_233,2,1,2,Low,1,1,3851
STU_233,3,1,27,Low,1,1,3534
STU_234,1,0,0,Low,0,1,0
STU_234,2,0,0,Low,0,1,0
STU_234,3,0,0,Low,0,1,0
STU_235,1,0,0,Low,1,1,0
STU_235,2,0,0,Low,1,1,0
STU_235,3,0,0,Low,1,1,0
STU_236,1,0,0,Low,1,2,0
STU_236,2,0,0,Low,1,2,0
STU_236,3,0,0,Low,1,2,0
STU_237,1,0,0,Medium,0,2,0
STU_237,2,0,0,Medium,0,2,0
STU_237,3,0,0,Medium,0,2,0
STU_238,1,0,0,Low,1,1,0
STU_238,2,0,0,Low,1,1,0
STU_238,3,0,0,Low,1,1,0
STU_239,1,0,0,Low,1,3,0
STU_239,2,0,0,Low,1,3,0
STU_239,3,0,0,Low,1,3,0
STU_240,1,0,0,Low,1,2,0
STU_240,2,0,0,Low,1,2,0
STU_240,3,0,0,Low,1,2,0
STU_241,1,2,73,Medium,0,0,139
STU_241,2,2,99,Medium,0,0,2635
STU_241,3,2,75,Medium,0,0,778
STU_242,1,0,0,Medium,0,1,0
STU_242,2,0,0,Medium,0,1,0
STU_242,3,0,0,Medium,0,1,0
STU_243,1,0,0,High,0,0,0
STU_243,2,0,0,High,0,0,0
STU_243,3,0,0,High,0,0,0
STU_244,1,0,0,Medium,1,2,0
STU_244,2,0,0,Medium,1,2,0
STU_244,3,0,0,Medium,1,2,0
STU_245,1,0,0,Low,0,2,0
STU_245,2,0,0,Low,0,2,0
STU_245,3,0,0,Low,0,2,0
STU_246,1,0,0,Medium,1,1,0
STU_246,2,0,0,Medium,1,1,0
STU_246,3,0,0,Medium,1,1,0
STU_247,1,0,0,Medium,1,1,0
STU_247,2,0,0,Medium,1,1,0
STU_247,3,0,0,Medium,1,1,0
STU_248,1,0,0,Medium,1,1,0
STU_248,2,0,0,Medium,1,1,0
STU_248,3,0,0,Medium,1,1,0
STU_249,1,0,0,Medium,0,2,0
STU_249,2,0,0,Medium,0,2,0
STU_249,3,0,0,Medium,0,2,0
STU_250,1,0,0,High,0,2,0
STU_250,2,0,0,High,0,2,0
STU_250,3,0,0,High,0,2,0
STU_251,1,0,0,Medium,0,0,0
STU_251,2,0,0,Medium,0,0,0
STU_251,3,0,0,Medium,0,0,0
STU_252,1,0,0,Medium,1,2,0
STU_252,2,0,0,Medium,1,2,0
STU_252,3,0,0,Medium,1,2,0
STU_253,1,1,9,High,1,1,866
STU_253,2,1,14,High,1,1,4828
STU_253,3,1,29,High,1,1,2523
STU_254,1,1,28,Medium,0,3,1177
STU_254,2,1,18,Medium,0,3,2395
STU_254,3,1,6,Medium,0,3,2942
STU_255,1,1,22,Low,1,0,3847
STU_255,2,1,20,Low,1,0,4374
STU_255,3,1,12,Low,1,0,155
STU_256,1,0,0,Medium,0,0,0
STU_256,2,0,0,Medium,0,0,0
STU_256,3,0,0,Medium,0,0,0
STU_257,1,0,0,Medium,1,0,0
STU_257,2,0,0,Medium,1,0,0
STU_257,3,0,0,Medium,1,0,0
STU_258,1,0,0,Medium,1,1,0
STU_258,2,0,0,Medium,1,1,0
STU_258,3,0,0,Medium,1,1,0
STU_259,1,1,15,Low,1,1,2020
STU_259,2,1,19,Low,1,1,3061
STU_259,3,1,27,Low,1,1,1894
STU_260,1,0,0,Medium,1,2,0
STU_260,2,0,0,Medium,1,2,0
STU_260,3,0,0,Medium,1,2,0
STU_261,1,0,0,Medium,1,2,0
STU_261,2,0,0,Medium,1,2,0
STU_261,3,0,0,Medium,1,2,0
STU_262,1,1,9,Medium,1,1,1092
STU_262,2,1,1,Medium,1,1,2974
STU_262,3,1,20,Medium,1,1,1335
STU_263,1,0,0,High,0,1,0
STU_263,2,0,0,High,0,1,0
STU_263,3,0,0,High,0,1,0
STU_264,1,2,105,Medium,1,3,3598
STU_264,2,2,114,Medium,1,3,4769
STU_264,3,2,116,Medium,1,3,1923
STU_265,1,0,0,Medium,1,1,0
STU_265,2,0,0,Medium,1,1,0
STU_265,3,0,0,Medium,1,1,0
STU_266,1,0,0,High,0,2,0
STU_266,2,0,0,High,0,2,0
STU_266,3,0,0,High,0,2,0
STU_267,1,1,7,Low,1,2,3177
STU_267,2,1,13,Low,1,2,2000
STU_267,3,1,24,Low,1,2,4248
STU_268,1,0,0,Low,0,1,0
STU_268,2,0,0,Low,0,1,0
STU_268,3,0,0,Low,0,1,0
STU_269,1,0,0,Medium,0,3,0
STU_269,2,0,0,Medium,0,3,0
STU_269,3,0,0,Medium,0,3,0
STU_270,1,0,0,High,0,2,0
STU_270,2,0,0,High,0,2,0
STU_270,3,0,0,High,0,2,0
STU_271,1,0,0,High,0,3,0
STU_271,2,0,0,High,0,3,0
STU_271,3,0,0,High,0,3,0
STU_272,1,1,13,High,0,2,222
STU_272,2,1,8,High,0,2,4784
STU_272,3,1,17,High,0,2,3204
STU_273,1,0,0,Medium,0,0,0
STU_273,2,0,0,Medium,0,0,0
STU_273,3,0,0,Medium,0,0,0
STU_274,1,0,0,Low,0,1,0
STU_274,2,0,0,Low,0,1,0
STU_274,3,0,0,Low,0,1,0
STU_275,1,1,16,Medium,0,3,229
STU_275,2,1,29,Medium,0,3,2799
STU_275,3,1,16,Medium,0,3,2614
STU_276,1,0,0,Medium,1,2,0
STU_276,2,0,0,Medium,1,2,0
STU_276,3,0,0,Medium,1,2,0
STU_277,1,0,0,Medium,0,0,0
STU_277,2,0,0,Medium,0,0,0
STU_277,3,0,0,Medium,0,0,0
STU_278,1,0,0,Medium,0,2,0
STU_278,2,0,0,Medium,0,2,0
STU_278,3,0,0,Medium,0,2,0
STU_279,1,0,0,Medium,0,1,0
STU_279,2,0,0,Medium,0,1,0
STU_279,3,0,0,Medium,0,1,0
STU_280,1,0,0,High,1,2,0
STU_280,2,0,0,High,1,2,0
STU_280,3,0,0,High,1,2,0
STU_281,1,0,0,High,0,0,0
STU_281,2,0,0,High,0,0,0
STU_281,3,0,0,High,0,0,0
STU_282,1,0,0,Medium,0,2,0
STU_282,2,0,0,Medium,0,2,0
STU_282,3,0,0,Medium,0,2,0
STU_283,1,0,0,Medium,1,1,0
STU_283,2,0,0,Medium,1,1,0
STU_283,3,0,0,Medium,1,1,0
STU_284,1,0,0,Low,0,1,0
STU_284,2,0,0,Low,0,1,0
STU_284,3,0,0,Low,0,1,0
STU_285,1,0,0,Medium,1,0,0
STU_285,2,0,0,Medium,1,0,0
STU_285,3,0,0,Medium,1,0,0
STU_286,1,0,0,High,1,0,0
STU_286,2,0,0,High,1,0,0
STU_286,3,0,0,High,1,0,0
STU_287,1,0,0,Low,0,0,0
STU_287,2,0,0,Low,0,0,0
STU_287,3,0,0,Low,0,0,0
STU_288,1,0,0,Medium,1,1,0
STU_288,2,0,0,Medium,1,1,0
STU_288,3,0,0,Medium,1,1,0
STU_289,1,0,0,Medium,0,2,0
STU_289,2,0,0,Medium,0,2,0
STU_289,3,0,0,Medium,0,2,0
STU_290,1,0,0,Low,0,0,0
STU_290,2,0,0,Low,0,0,0
STU_290,3,0,0,Low,0,0,0
STU_291,1,0,0,High,1,1,0
STU_291,2,0,0,High,1,1,0
STU_291,3,0,0,High,1,1,0
STU_292,1,1,8,Low,1,3,1796
STU_292,2,1,13,Low,1,3,2188
STU_292,3,1,5,Low,1,3,992
STU_293,1,0,0,High,0,1,0
STU_293,2,0,0,High,0,1,0
STU_293,3,0,0,High,0,1,0
STU_294,1,0,0,Low,1,2,0
STU_294,2,0,0,Low,1,2,0
STU_294,3,0,0,Low,1,2,0
STU_295,1,0,0,Medium,0,0,0
STU_295,2,0,0,Medium,0,0,0
STU_295,3,0,0,Medium,0,0,0
STU_296,1,1,20,Low,1,1,2032
STU_296,2,1,3,Low,1,1,1896
STU_296,3,1,6,Low,1,1,640
STU_297,1,0,0,Medium,1,0,0
STU_297,2,0,0,Medium,1,0,0
STU_297,3,0,0,Medium,1,0,0
STU_298,1,0,0,Medium,0,3,0
STU_298,2,0,0,Medium,0,3,0
STU_298,3,0,0,Medium,0,3,0
STU_299,1,1,15,Medium,1,2,611
STU_299,2,1,17,Medium,1,2,1138
STU_299,3,1,5,Medium,1,2,1035
STU_300,1,0,0,Medium,1,1,0
STU_300,2,0,0,Medium,1,1,0
STU_300,3,0,0,Medium,1,1,0
STU_301,1,1,1,Medium,0,3,2509
STU_301,2,1,21,Medium,0,3,3392
STU_301,3,1,1,Medium,0,3,4442
STU_302,1,1,1,Low,0,2,3677
STU_302,2,1,25,Low,0,2,3161
STU_302,3,1,18,Low,0,2,774
STU_303,1,1,27,Medium,0,1,380
STU_303,2,1,23,Medium,0,1,1989
STU_303,3,1,29,Medium,0,1,1970
STU_304,1,0,0,Medium,1,0,0
STU_304,2,0,0,Medium,1,0,0
STU_304,3,0,0,Medium,1,0,0
STU_305,1,0,0,Medium,0,1,0
STU_305,2,0,0,Medium,0,1,0
STU_305,3,0,0,Medium,0,1,0
STU_306,1,0,0,Medium,0,1,0
STU_306,2,0,0,Medium,0,1,0
STU_306,3,0,0,Medium,0,1,0
STU_307,1,0,0,High,1,2,0
STU_307,2,0,0,High,1,2,0
STU_307,3,0,0,High,1,2,0
STU_308,1,0,0,Medium,0,0,0
STU_308,2,0,0,Medium,0,0,0
STU_308,3,0,0,Medium,0,0,0
STU_309,1,0,0,High,1,3,0
STU_309,2,0,0,High,1,3,0
STU_309,3,0,0,High,1,3,0
STU_310,1,0,0,Medium,1,2,0
STU_310,2,0,0,Medium,1,2,0
STU_310,3,0,0,Medium,1,2,0
STU_311,1,0,0,Medium,0,1,0
STU_311,2,0,0,Medium,0,1,0
STU_311,3,0,0,Medium,0,1,0
STU_312,1,0,0,High,1,1,0
STU_312,2,0,0,High,1,1,0
STU_312,3,0,0,High,1,1,0
STU_313,1,0,0,Low,1,2,0
STU_313,2,0,0,Low,1,2,0
STU_313,3,0,0,Low,1,2,0
STU_314,1,0,0,Low,1,0,0
STU_314,2,0,0,Low,1,0,0
STU_314,3,0,0,Low,1,0,0
STU_315,1,0,0,Medium,1,3,0
STU_315,2,0,0,Medium,1,3,0
STU_315,3,0,0,Medium,1,3,0
STU_316,1,0,0,Medium,1,2,0
STU_316,2,0,0,Medium,1,2,0
STU_316,3,0,0,Medium,1,2,0
STU_317,1,1,14,Medium,1,3,4530
STU_317,2,1,15,Medium,1,3,2525
STU_317,3,1,17,Medium,1,3,3077
STU_318,1,0,0,Medium,1,0,0
STU_318,2,0,0,Medium,1,0,0
STU_318,3,0,0,Medium,1,0,0
STU_319,1,0,0,Low,0,0,0
STU_319,2,0,0,Low,0,0,0
STU_319,3,0,0,Low,0,0,0
STU_320,1,0,0,High,0,3,0
STU_320,2,0,0,High,0,3,0
STU_320,3,0,0,High,0,3,0
STU_321,1,1,5,Low,0,0,2201
STU_321,2,1,4,Low,0,0,4327
STU_321,3,1,27,Low,0,0,2055
STU_322,1,0,0,Low,1,2,0
STU_322,2,0,0,Low,1,2,0
STU_322,3,0,0,Low,1,2,0
STU_323,1,0,0,Medium,1,1,0
STU_323,2,0,0,Medium,1,1,0
STU_323,3,0,0,Medium,1,1,0
STU_324,1,0,0,Low,0,0,0
STU_324,2,0,0,Low,0,0,0
STU_324,3,0,0,Low,0,0,0
STU_325,1,0,0,Low,1,2,0
STU_325,2,0,0,Low,1,2,0
STU_325,3,0,0,Low,1,2,0
STU_326,1,0,0,Low,1,1,0
STU_326,2,0,0,Low,1,1,0
STU_326,3,0,0,Low,1,1,0
STU_327,1,0,0,Low,1,1,0
STU_327,2,0,0,Low,1,1,0
STU_327,3,0,0,Low,1,1,0
STU_328,1,0,0,Medium,0,3,0
STU_328,2,0,0,Medium,0,3,0
STU_328,3,0,0,Medium,0,3,0
STU_329,1,0,0,High,1,0,0
STU_329,2,0,0,High,1,0,0
STU_329,3,0,0,High,1,0,0
STU_330,1,0,0,Low,0,1,0
STU_330,2,0,0,Low,0,1,0
STU_330,3,0,0,Low,0,1,0
STU_331,1,0,0,Medium,0,0,0
STU_331,2,0,0,Medium,0,0,0
STU_331,3,0,0,Medium,0,0,0
STU_332,1,0,0,Low,1,3,0
STU_332,2,0,0,Low,1,3,0
STU_332,3,0,0,Low,1,3,0
STU_333,1,0,0,Medium,0,3,0
STU_333,2,0,0,Medium,0,3,0
STU_333,3,0,0,Medium,0,3,0
STU_334,1,0,0,Medium,0,1,0
STU_334,2,0,0,Medium,0,1,0
STU_334,3,0,0,Medium,0,1,0
STU_335,1,0,0,Medium,1,0,0
STU_335,2,0,0,Medium,1,0,0
STU_335,3,0,0,Medium,1,0,0
STU_336,1,2,76,Medium,1,3,4974
STU_336,2,2,117,Medium,1,3,2714
STU_336,3,2,60,Medium,1,3,3958
STU_337,1,0,0,Medium,1,1,0
STU_337,2,0,0,Medium,1,1,0
STU_337,3,0,0,Medium,1,1,0
STU_338,1,0,0,Medium,1,3,0
STU_338,2,0,0,Medium,1,3,0
STU_338,3,0,0,Medium,1,3,0
STU_339,1,0,0,Medium,1,1,0
STU_339,2,0,0,Medium,1,1,0
STU_339,3,0,0,Medium,1,1,0
STU_340,1,0,0,Low,0,1,0
STU_340,2,0,0,Low,0,1,0
STU_340,3,0,0,Low,0,1,0
STU_341,1,0,0,High,0,1,0
STU_341,2,0,0,High,0,1,0
STU_341,3,0,0,High,0,1,0
STU_342,1,0,0,Medium,1,3,0
STU_342,2,0,0,Medium,1,3,0
STU_342,3,0,0,Medium,1,3,0
STU_343,1,0,0,Low,1,1,0
STU_343,2,0,0,Low,1,1,0
STU_343,3,0,0,Low,1,1,0
STU_344,1,0,0,Medium,1,3,0
STU_344,2,0,0,Medium,1,3,0
STU_344,3,0,0,Medium,1,3,0
STU_345,1,1,21,Medium,0,0,3821
STU_345,2,1,11,Medium,0,0,1220
STU_345,3,1,1,Medium,0,0,4455
STU_346,1,0,0,High,0,2,0
STU_346,2,0,0,High,0,2,0
STU_346,3,0,0,High,0,2,0
STU_347,1,0,0,High,1,1,0
STU_347,2,0,0,High,1,1,0
STU_347,3,0,0,High,1,1,0
STU_348,1,0,0,Low,1,1,0
STU_348,2,0,0,Low,1,1,0
STU_348,3,0,0,Low,1,1,0
STU_349,1,0,0,Medium,1,1,0
STU_349,2,0,0,Medium,1,1,0
STU_349,3,0,0,Medium,1,1,0
STU_350,1,0,0,Low,1,0,0
STU_350,2,0,0,Low,1,0,0
STU_350,3,0,0,Low,1,0,0
STU_351,1,0,0,Medium,0,1,0
STU_351,2,0,0,Medium,0,1,0
STU_351,3,0,0,Medium,0,1,0
STU_352,1,0,0,Low,0,0,0
STU_352,2,0,0,Low,0,0,0
STU_352,3,0,0,Low,0,0,0
STU_353,1,0,0,High,1,2,0
STU_353,2,0,0,High,1,2,0
STU_353,3,0,0,High,1,2,0
STU_354,1,0,0,Medium,1,1,0
STU_354,2,0,0,Medium,1,1,0
STU_354,3,0,0,Medium,1,1,0
STU_355,1,0,0,Medium,1,2,0
STU_355,2,0,0,Medium,1,2,0
STU_355,3,0,0,Medium,1,2,0
STU_356,1,0,0,Low,1,1,0
STU_356,2,0,0,Low,1,1,0
STU_356,3,0,0,Low,1,1,0
STU_357,1,0,0,Medium,1,1,0
STU_357,2,0,0,Medium,1,1,0
STU_357,3,0,0,Medium,1,1,0
STU_358,1,0,0,Low,1,3,0
STU_358,2,0,0,Low,1,3,0
STU_358,3,0,0,Low,1,3,0
STU_359,1,0,0,Medium,1,2,0
STU_359,2,0,0,Medium,1,2,0
STU_359,3,0,0,Medium,1,2,0
STU_360,1,0,0,Low,1,2,0
STU_360,2,0,0,Low,1,2,0
STU_360,3,0,0,Low,1,2,0
STU_361,1,0,0,Low,0,0,0
STU_361,2,0,0,Low,0,0,0
STU_361,3,0,0,Low,0,0,0
STU_362,1,0,0,Medium,1,3,0
STU_362,2,0,0,Medium,1,3,0
STU_362,3,0,0,Medium,1,3,0
STU_363,1,0,0,Medium,1,0,0
STU_363,2,0,0,Medium,1,0,0
STU_363,3,0,0,Medium,1,0,0
STU_364,1,0,0,Medium,1,2,0
STU_364,2,0,0,Medium,1,2,0
STU_364,3,0,0,Medium,1,2,0
STU_365,1,0,0,High,1,1,0
STU_365,2,0,0,High,1,1,0
STU_365,3,0,0,High,1,1,0
STU_366,1,0,0,Medium,1,0,0
STU_366,2,0,0,Medium,1,0,0
STU_366,3,0,0,Medium,1,0,0
STU_367,1,0,0,High,0,0,0
STU_367,2,0,0,High,0,0,0
STU_367,3,0,0,High,0,0,0
STU_368,1,0,0,High,1,0,0
STU_368,2,0,0,High,1,0,0
STU_368,3,0,0,High,1,0,0
STU_369,1,1,19,Medium,0,2,4607
STU_369,2,1,19,Medium,0,2,3059
STU_369,3,1,15,Medium,0,2,4391
STU_370,1,1,25,Medium,0,2,504
STU_370,2,1,1,Medium,0,2,262
STU_370,3,1,26,Medium,0,2,785
STU_371,1,0,0,Low,1,0,0
STU_371,2,0,0,Low,1,0,0
STU_371,3,0,0,Low,1,0,0
STU_372,1,0,0,Medium,1,3,0
STU_372,2,0,0,Medium,1,3,0
STU_372,3,0,0,Medium,1,3,0
STU_373,1,1,23,Medium,1,3,1
STU_373,2,1,4,Medium,1,3,2340
STU_373,3,1,24,Medium,1,3,4243
STU_374,1,0,0,High,0,1,0
STU_374,2,0,0,High,0,1,0
STU_374,3,0,0,High,0,1,0
STU_375,1,0,0,Low,1,1,0
STU_375,2,0,0,Low,1,1,0
STU_375,3,0,0,Low,1,1,0
STU_376,1,0,0,Low,0,3,0
STU_376,2,0,0,Low,0,3,0
STU_376,3,0,0,Low,0,3,0
STU_377,1,0,0,Low,0,3,0
STU_377,2,0,0,Low,0,3,0
STU_377,3,0,0,Low,0,3,0
STU_378,1,0,0,High,1,3,0
STU_378,2,0,0,High,1,3,0
STU_378,3,0,0,High,1,3,0
STU_379,1,0,0,Medium,1,1,0
STU_379,2,0,0,Medium,1,1,0
STU_379,3,0,0,Medium,1,1,0
STU_380,1,0,0,Medium,1,0,0
STU_380,2,0,0,Medium,1,0,0
STU_380,3,0,0,Medium,1,0,0
STU_381,1,1,12,Low,0,1,1017
STU_381,2,1,2,Low,0,1,1637
STU_381,3,1,12,Low,0,1,4079
STU_382,1,0,0,Medium,0,1,0
STU_382,2,0,0,Medium,0,1,0
STU_382,3,0,0,Medium,0,1,0
STU_383,1,0,0,Low,1,0,0
STU_383,2,0,0,Low,1,0,0
STU_383,3,0,0,Low,1,0,0
STU_384,1,0,0,Low,1,2,0
STU_384,2,0,0,Low,1,2,0
STU_384,3,0,0,Low,1,2,0
STU_385,1,0,0,High,1,3,0
STU_385,2,0,0,High,1,3,0
STU_385,3,0,0,High,1,3,0
STU_386,1,0,0,High,1,1,0
STU_386,2,0,0,High,1,1,0
STU_386,3,0,0,High,1,1,0
STU_387,1,0,0,High,1,2,0
STU_387,2,0,0,High,1,2,0
STU_387,3,0,0,High,1,2,0
STU_388,1,0,0,Medium,1,0,0
STU_388,2,0,0,Medium,1,0,0
STU_388,3,0,0,Medium,1,0,0
STU_389,1,0,0,High,1,1,0
STU_389,2,0,0,High,1,1,0
STU_389,3,0,0,High,1,1,0
STU_390,1,2,97,Medium,0,2,2574
STU_390,2,2,97,Medium,0,2,3531
STU_390,3,2,119,Medium,0,2,662
STU_391,1,0,0,Medium,1,1,0
STU_391,2,0,0,Medium,1,1,0
STU_391,3,0,0,Medium,1,1,0
STU_392,1,0,0,Medium,0,0,0
STU_392,2,0,0,Medium,0,0,0
STU_392,3,0,0,Medium,0,0,0
STU_393,1,0,0,Medium,1,3,0
STU_393,2,0,0,Medium,1,3,0
STU_393,3,0,0,Medium,1,3,0
STU_394,1,1,12,Medium,0,2,524
STU_394,2,1,5,Medium,0,2,1519
STU_394,3,1,1,Medium,0,2,3435
STU_395,1,0,0,Medium,0,1,0
STU_395,2,0,0,Medium,0,1,0
STU_395,3,0,0,Medium,0,1,0
STU_396,1,0,0,Low,1,0,0
STU_396,2,0,0,Low,1,0,0
STU_396,3,0,0,Low,1,0,0
STU_397,1,0,0,Low,1,3,0
STU_397,2,0,0,Low,1,3,0
STU_397,3,0,0,Low,1,3,0
STU_398,1,0,0,Medium,0,3,0
STU_398,2,0,0,Medium,0,3,0
STU_398,3,0,0,Medium,0,3,0
STU_399,1,0,0,Medium,0,3,0
STU_399,2,0,0,Medium,0,3,0
STU_399,3,0,0,Medium,0,3,0
STU_400,1,0,0,Medium,1,3,0
STU_400,2,0,0,Medium,1,3,0
STU_400,3,0,0,Medium,1,3,0
STU_401,1,1,23,Medium,0,3,1820
STU_401,2,1,1,Medium,0,3,3673
STU_401,3,1,23,Medium,0,3,3445
STU_402,1,0,0,Low,1,2,0
STU_402,2,0,0,Low,1,2,0
STU_402,3,0,0,Low,1,2,0
STU_403,1,0,0,Medium,1,2,0
STU_403,2,0,0,Medium,1,2,0
STU_403,3,0,0,Medium,1,2,0
STU_404,1,1,14,High,0,2,3304
STU_404,2,1,13,High,0,2,1206
STU_404,3,1,9,High,0,2,1207
STU_405,1,0,0,Medium,1,1,0
STU_405,2,0,0,Medium,1,1,0
STU_405,3,0,0,Medium,1,1,0
STU_406,1,0,0,Medium,1,3,0
STU_406,2,0,0,Medium,1,3,0
STU_406,3,0,0,Medium,1,3,0
STU_407,1,0,0,Medium,1,3,0
STU_407,2,0,0,Medium,1,3,0
STU_407,3,0,0,Medium,1,3,0
STU_408,1,0,0,Low,0,1,0
STU_408,2,0,0,Low,0,1,0
STU_408,3,0,0,Low,0,1,0
STU_409,1,0,0,Low,1,2,0
STU_409,2,0,0,Low,1,2,0
STU_409,3,0,0,Low,1,2,0
STU_410,1,1,4,Low,0,3,1118
STU_410,2,1,26,Low,0,3,3325
STU_410,3,1,29,Low,0,3,331
STU_411,1,0,0,Medium,0,1,0
STU_411,2,0,0,Medium,0,1,0
STU_411,3,0,0,Medium,0,1,0
STU_412,1,0,0,Medium,0,0,0
STU_412,2,0,0,Medium,0,0,0
STU_412,3,0,0,Medium,0,0,0
STU_413,1,1,16,Medium,0,3,1506
STU_413,2,1,10,Medium,0,3,2040
STU_413,3,1,5,Medium,0,3,612
STU_414,1,0,0,Medium,1,1,0
STU_414,2,0,0,Medium,1,1,0
STU_414,3,0,0,Medium,1,1,0
STU_415,1,0,0,Low,1,2,0
STU_415,2,0,0,Low,1,2,0
STU_415,3,0,0,Low,1,2,0
STU_416,1,1,22,Medium,1,0,988
STU_416,2,1,3,Medium,1,0,4962
STU_416,3,1,2,Medium,1,0,4942
STU_417,1,0,0,High,1,3,0
STU_417,2,0,0,High,1,3,0
STU_417,3,0,0,High,1,3,0
STU_418,1,0,0,Medium,0,0,0
STU_418,2,0,0,Medium,0,0,0
STU_418,3,0,0,Medium,0,0,0
STU_419,1,0,0,Medium,1,0,0
STU_419,2,0,0,Medium,1,0,0
STU_419,3,0,0,Medium,1,0,0
STU_420,1,0,0,Low,1,2,0
STU_420,2,0,0,Low,1,2,0
STU_420,3,0,0,Low,1,2,0
STU_421,1,0,0,Medium,1,2,0
STU_421,2,0,0,Medium,1,2,0
STU_421,3,0,0,Medium,1,2,0
STU_422,1,0,0,Low,1,1,0
STU_422,2,0,0,Low,1,1,0
STU_422,3,0,0,Low,1,1,0
STU_423,1,0,0,Low,1,2,0
STU_423,2,0,0,Low,1,2,0
STU_423,3,0,0,Low,1,2,0
STU_424,1,1,28,Medium,0,1,1371
STU_424,2,1,16,Medium,0,1,4959
STU_424,3,1,23,Medium,0,1,2630
STU_425,1,2,72,Medium,0,2,923
STU_425,2,2,63,Medium,0,2,1223
STU_425,3,2,92,Medium,0,2,1550
STU_426,1,0,0,Medium,0,1,0
STU_426,2,0,0,Medium,0,1,0
STU_426,3,0,0,Medium,0,1,0
STU_427,1,0,0,Medium,0,3,0
STU_427,2,0,0,Medium,0,3,0
STU_427,3,0,0,Medium,0,3,0
STU_428,1,0,0,Medium,0,3,0
STU_428,2,0,0,Medium,0,3,0
STU_428,3,0,0,Medium,0,3,0
STU_429,1,2,80,Medium,1,2,3165
STU_429,2,2,77,Medium,1,2,441
STU_429,3,2,75,Medium,1,2,4721
STU_430,1,1,15,Low,0,1,4884
STU_430,2,1,15,Low,0,1,3722
STU_430,3,1,10,Low,0,1,2412
STU_431,1,0,0,High,1,0,0
STU_431,2,0,0,High,1,0,0
STU_431,3,0,0,High,1,0,0
STU_432,1,0,0,Low,1,3,0
STU_432,2,0,0,Low,1,3,0
STU_432,3,0,0,Low,1,3,0
STU_433,1,0,0,Low,1,3,0
STU_433,2,0,0,Low,1,3,0
STU_433,3,0,0,Low,1,3,0
STU_434,1,1,21,Medium,1,2,582
STU_434,2,1,3,Medium,1,2,1049
STU_434,3,1,28,Medium,1,2,3666
STU_435,1,0,0,Medium,0,2,0
STU_435,2,0,0,Medium,0,2,0
STU_435,3,0,0,Medium,0,2,0
STU_436,1,0,0,Medium,1,1,0
STU_436,2,0,0,Medium,1,1,0
STU_436,3,0,0,Medium,1,1,0
STU_437,1,1,1,High,1,0,3932
STU_437,2,1,12,High,1,0,314
STU_437,3,1,14,High,1,0,2770
STU_438,1,0,0,Medium,1,3,0
STU_438,2,0,0,Medium,1,3,0
STU_438,3,0,0,Medium,1,3,0
STU_439,1,1,3,Low,0,1,3350
STU_439,2,1,5,Low,0,1,4389
STU_439,3,1,18,Low,0,1,3378
STU_440,1,0,0,Medium,0,1,0
STU_440,2,0,0,Medium,0,1,0
STU_440,3,0,0,Medium,0,1,0
STU_441,1,1,13,Medium,1,1,4688
STU_441,2,1,5,Medium,1,1,3653
STU_441,3,1,8,Medium,1,1,1899
STU_442,1,1,22,High,1,1,3756
STU_442,2,1,3,High,1,1,3707
STU_442,3,1,29,High,1,1,3863
STU_443,1,0,0,Medium,1,3,0
STU_443,2,0,0,Medium,1,3,0
STU_443,3,0,0,Medium,1,3,0
STU_444,1,0,0,Medium,1,0,0
STU_444,2,0,0,Medium,1,0,0
STU_444,3,0,0,Medium,1,0,0
STU_445,1,1,14,Medium,1,1,3265
STU_445,2,1,4,Medium,1,1,3165
STU_445,3,1,2,Medium,1,1,3064
STU_446,1,1,23,Medium,1,1,4725
STU_446,2,1,29,Medium,1,1,248
STU_446,3,1,21,Medium,1,1,2823
STU_447,1,0,0,Medium,1,1,0
STU_447,2,0,0,Medium,1,1,0
STU_447,3,0,0,Medium,1,1,0
STU_448,1,0,0,Low,0,3,0
STU_448,2,0,0,Low,0,3,0
STU_448,3,0,0,Low,0,3,0
STU_449,1,0,0,Medium,0,0,0
STU_449,2,0,0,Medium,0,0,0
STU_449,3,0,0,Medium,0,0,0
STU_450,1,0,0,Low,1,1,0
STU_450,2,0,0,Low,1,1,0
STU_450,3,0,0,Low,1,1,0
STU_451,1,0,0,Low,0,3,0
STU_451,2,0,0,Low,0,3,0
STU_451,3,0,0,Low,0,3,0
STU_452,1,1,13,Medium,0,0,4705
STU_452,2,1,17,Medium,0,0,4500
STU_452,3,1,23,Medium,0,0,4267
STU_453,1,0,0,Medium,1,1,0
STU_453,2,0,0,Medium,1,1,0
STU_453,3,0,0,Medium,1,1,0
STU_454,1,0,0,Low,1,3,0
STU_454,2,0,0,Low,1,3,0
STU_454,3,0,0,Low,1,3,0
STU_455,1,0,0,Medium,0,3,0
STU_455,2,0,0,Medium,0,3,0
STU_455,3,0,0,Medium,0,3,0
STU_456,1,0,0,High,1,3,0
STU_456,2,0,0,High,1,3,0
STU_456,3,0,0,High,1,3,0
STU_457,1,0,0,Medium,1,2,0
STU_457,2,0,0,Medium,1,2,0
STU_457,3,0,0,Medium,1,2,0
STU_458,1,2,68,Medium,0,2,3666
STU_458,2,2,61,Medium,0,2,502
STU_458,3,2,78,Medium,0,2,3700
STU_459,1,1,6,Low,1,3,1395
STU_459,2,1,10,Low,1,3,2539
STU_459,3,1,10,Low,1,3,1030
STU_460,1,1,7,Medium,1,0,1539
STU_460,2,1,28,Medium,1,0,932
STU_460,3,1,5,Medium,1,0,741
STU_461,1,0,0,Medium,0,0,0
STU_461,2,0,0,Medium,0,0,0
STU_461,3,0,0,Medium,0,0,0
STU_462,1,0,0,Medium,0,3,0
STU_462,2,0,0,Medium,0,3,0
STU_462,3,0,0,Medium,0,3,0
STU_463,1,0,0,Medium,1,0,0
STU_463,2,0,0,Medium,1,0,0
STU_463,3,0,0,Medium,1,0,0
STU_464,1,1,22,High,1,2,548
STU_464,2,1,26,High,1,2,2945
STU_464,3,1,4,High,1,2,2266
STU_465,1,0,0,High,1,3,0
STU_465,2,0,0,High,1,3,0
STU_465,3,0,0,High,1,3,0
STU_466,1,1,5,Medium,0,3,2680
STU_466,2,1,7,Medium,0,3,2877
STU_466,3,1,14,Medium,0,3,4662
STU_467,1,0,0,Medium,1,1,0
STU_467,2,0,0,Medium,1,1,0
STU_467,3,0,0,Medium,1,1,0
STU_468,1,0,0,High,0,0,0
STU_468,2,0,0,High,0,0,0
STU_468,3,0,0,High,0,0,0
STU_469,1,0,0,Low,1,1,0
STU_469,2,0,0,Low,1,1,0
STU_469,3,0,0,Low,1,1,0
STU_470,1,0,0,Low,0,2,0
STU_470,2,0,0,Low,0,2,0
STU_470,3,0,0,Low,0,2,0
STU_471,1,1,14,High,1,0,3387
STU_471,2,1,8,High,1,0,1829
STU_471,3,1,11,High,1,0,2652
STU_472,1,0,0,Medium,0,1,0
STU_472,2,0,0,Medium,0,1,0
STU_472,3,0,0,Medium,0,1,0
STU_473,1,0,0,Medium,0,2,0
STU_473,2,0,0,Medium,0,2,0
STU_473,3,0,0,Medium,0,2,0
STU_474,1,0,0,Medium,1,2,0
STU_474,2,0,0,Medium,1,2,0
STU_474,3,0,0,Medium,1,2,0
STU_475,1,2,85,Low,1,2,3193
STU_475,2,2,77,Low,1,2,647
STU_475,3,2,65,Low,1,2,1526
STU_476,1,0,0,Medium,0,0,0
STU_476,2,0,0,Medium,0,0,0
STU_476,3,0,0,Medium,0,0,0
STU_477,1,1,5,Medium,0,3,874
STU_477,2,1,25,Medium,0,3,3597
STU_477,3,1,11,Medium,0,3,1356
STU_478,1,0,0,Medium,0,0,0
STU_478,2,0,0,Medium,0,0,0
STU_478,3,0,0,Medium,0,0,0
STU_479,1,1,2,Medium,1,3,3181
STU_479,2,1,16,Medium,1,3,1352
STU_479,3,1,24,Medium,1,3,359
STU_480,1,0,0,Medium,1,0,0
STU_480,2,0,0,Medium,1,0,0
STU_480,3,0,0,Medium,1,0,0
STU_481,1,1,8,Medium,1,2,146
STU_481,2,1,3,Medium,1,2,1302
STU_481,3,1,11,Medium,1,2,4179
STU_482,1,0,0,Medium,1,1,0
STU_482,2,0,0,Medium,1,1,0
STU_482,3,0,0,Medium,1,1,0
STU_483,1,0,0,Medium,1,3,0
STU_483,2,0,0,Medium,1,3,0
STU_483,3,0,0,Medium,1,3,0
STU_484,1,0,0,Medium,1,0,0
STU_484,2,0,0,Medium,1,0,0
STU_484,3,0,0,Medium,1,0,0
STU_485,1,1,28,Medium,1,2,1625
STU_485,2,1,5,Medium,1,2,1088
STU_485,3,1,12,Medium,1,2,2089
STU_486,1,0,0,Low,1,1,0
STU_486,2,0,0,Low,1,1,0
STU_486,3,0,0,Low,1,1,0
STU_487,1,2,67,Medium,1,3,4431
STU_487,2,2,108,Medium,1,3,3878
STU_487,3,2,60,Medium,1,3,648
STU_488,1,0,0,Low,0,3,0
STU_488,2,0,0,Low,0,3,0
STU_488,3,0,0,Low,0,3,0
STU_489,1,0,0,Medium,1,2,0
STU_489,2,0,0,Medium,1,2,0
STU_489,3,0,0,Medium,1,2,0
STU_490,1,0,0,Low,0,3,0
STU_490,2,0,0,Low,0,3,0
STU_490,3,0,0,Low,0,3,0
STU_491,1,0,0,High,1,3,0
STU_491,2,0,0,High,1,3,0
STU_491,3,0,0,High,1,3,0
STU_492,1,0,0,High,1,0,0
STU_492,2,0,0,High,1,0,0
STU_492,3,0,0,High,1,0,0
STU_493,1,0,0,Medium,1,3,0
STU_493,2,0,0,Medium,1,3,0
STU_493,3,0,0,Medium,1,3,0
STU_494,1,0,0,Medium,0,1,0
STU_494,2,0,0,Medium,0,1,0
STU_494,3,0,0,Medium,0,1,0
STU_495,1,0,0,Low,0,2,0
STU_495,2,0,0,Low,0,2,0
STU_495,3,0,0,Low,0,2,0
STU_496,1,0,0,Low,0,1,0
STU_496,2,0,0,Low,0,1,0
STU_496,3,0,0,Low,0,1,0
STU_497,1,0,0,Low,1,2,0
STU_497,2,0,0,Low,1,2,0
STU_497,3,0,0,Low,1,2,0
STU_498,1,0,0,Low,0,2,0
STU_498,2,0,0,Low,0,2,0
STU_498,3,0,0,Low,0,2,0
STU_499,1,0,0,High,0,0,0
STU_499,2,0,0,High,0,0,0
STU_499,3,0,0,High,0,0,0
STU_500,1,0,0,Low,0,0,0
STU_500,2,0,0,Low,0,0,0
STU_500,3,0,0,Low,0,0,0
